elapsed_ms,current_diff,current_A,distance_cm,command
64,0,0.000,255,FORWARD
152,0,0.000,255,FORWARD
264,0,0.000,255,FORWARD
350,0,0.000,215,FORWARD
462,0,0.000,255,FORWARD
573,0,0.000,255,FORWARD
656,0,0.000,255,FORWARD
769,0,0.000,255,FORWARD
874,0,0.000,255,FORWARD
979,0,0.000,255,FORWARD
1075,0,0.000,255,FORWARD
1179,0,0.000,255,FORWARD
1273,0,0.000,255,FORWARD
1361,0,0.000,255,FORWARD
1477,0,0.000,255,FORWARD
1582,0,0.000,215,FORWARD
1670,0,0.000,255,FORWARD
1761,0,0.000,255,FORWARD
1862,0,0.000,255,FORWARD
1966,0,0.000,255,FORWARD
2070,0,0.000,255,FORWARD
2182,0,0.000,255,FORWARD
2266,0,0.000,255,FORWARD
2379,0,0.000,255,FORWARD
2466,0,0.000,255,FORWARD
2585,0,0.000,255,FORWARD
2672,0,0.000,255,FORWARD
2785,0,0.000,224,FORWARD
2874,0,0.000,226,FORWARD
2990,0,0.000,255,FORWARD
3070,0,0.000,255,FORWARD
3175,0,0.000,255,FORWARD
3288,0,0.000,255,FORWARD
3395,0,0.000,255,FORWARD
3485,0,0.000,255,FORWARD
3598,0,0.000,236,LEFT
3686,17,0.831,255,LEFT
3778,16,0.782,255,LEFT
3875,14,0.685,216,LEFT
4016,13,0.636,255,LEFT
4073,14,0.685,89,LEFT
4177,13,0.636,78,LEFT
4264,11,0.538,75,LEFT
4368,13,0.636,74,LEFT
4488,12,0.587,78,LEFT
4586,12,0.587,88,LEFT
4688,14,0.685,37,LEFT
4776,12,0.587,45,LEFT
4890,13,0.636,57,LEFT
5003,15,0.734,0,LEFT
5114,13,0.636,0,LEFT
5194,15,0.734,185,LEFT
5300,13,0.636,146,LEFT
5388,10,0.489,145,LEFT
5476,11,0.538,145,LEFT
5600,11,0.538,147,LEFT
5694,13,0.636,255,LEFT
5805,15,0.734,255,LEFT
5894,15,0.734,231,LEFT
6010,9,0.440,255,LEFT
6091,14,0.685,255,LEFT
6198,13,0.636,85,LEFT
6287,13,0.636,79,LEFT
6399,11,0.538,77,LEFT
6492,13,0.636,78,LEFT
6588,13,0.636,94,LEFT
6694,11,0.538,57,LEFT
6779,15,0.734,49,LEFT
6879,15,0.734,53,LEFT
7006,12,0.587,61,LEFT
7086,12,0.587,55,LEFT
7234,12,0.587,0,LEFT
7299,13,0.636,148,LEFT
7392,13,0.636,144,LEFT
7503,11,0.538,143,LEFT
7600,12,0.587,144,LEFT
7712,12,0.587,149,LEFT
7800,13,0.636,255,LEFT
7905,12,0.587,255,LEFT
8010,10,0.489,240,LEFT
8108,13,0.636,226,LEFT
8228,17,0.831,255,LEFT
8293,14,0.685,82,LEFT
8398,12,0.587,83,LEFT
8505,13,0.636,79,LEFT
8615,13,0.636,81,LEFT
8708,13,0.636,98,LEFT
8817,15,0.734,51,LEFT
8918,14,0.685,54,LEFT
9003,13,0.636,62,LEFT
9112,13,0.636,51,LEFT
9242,14,0.685,0,LEFT
9343,13,0.636,0,LEFT
9411,12,0.587,102,LEFT
9525,12,0.587,141,LEFT
9605,12,0.587,141,LEFT
9709,14,0.685,142,LEFT
9829,12,0.587,232,LEFT
9934,14,0.685,255,LEFT
10015,13,0.636,255,LEFT
10129,13,0.636,255,LEFT
10240,11,0.538,207,LEFT
10330,13,0.636,161,LEFT
10418,12,0.587,83,LEFT
10528,13,0.636,81,LEFT
10610,14,0.685,81,LEFT
10715,14,0.685,81,LEFT
10821,11,0.538,59,LEFT
10926,16,0.782,53,LEFT
11014,13,0.636,57,LEFT
11127,13,0.636,65,LEFT
11215,14,0.685,53,LEFT
11343,12,0.587,0,LEFT
11441,15,0.734,255,LEFT
11537,14,0.685,128,LEFT
11640,13,0.636,142,LEFT
11722,14,0.685,138,LEFT
11827,12,0.587,139,LEFT
11937,12,0.587,229,LEFT
12059,15,0.734,255,LEFT
12144,15,0.734,255,LEFT
12253,11,0.538,255,LEFT
12343,11,0.538,255,LEFT
12435,13,0.636,76,LEFT
12537,14,0.685,84,LEFT
12624,15,0.734,82,LEFT
12746,14,0.685,81,LEFT
12835,14,0.685,83,LEFT
12946,12,0.587,59,LEFT
13036,13,0.636,58,LEFT
13147,10,0.489,59,LEFT
13244,12,0.587,56,LEFT
13333,13,0.636,56,LEFT
13469,14,0.685,255,LEFT
13537,14,0.685,103,LEFT
13645,12,0.587,130,LEFT
13758,15,0.734,138,LEFT
13851,13,0.636,135,LEFT
13955,13,0.636,137,LEFT
14060,12,0.587,229,LEFT
14158,13,0.636,255,LEFT
14256,13,0.636,255,LEFT
14370,11,0.538,255,LEFT
14454,12,0.587,221,LEFT
14566,14,0.685,145,LEFT
14655,15,0.734,89,LEFT
14744,13,0.636,83,LEFT
14866,13,0.636,82,LEFT
14944,13,0.636,84,LEFT
15066,12,0.587,63,LEFT
15147,12,0.587,61,LEFT
15267,13,0.636,58,LEFT
15355,12,0.587,58,LEFT
15463,13,0.636,61,LEFT
15575,12,0.587,255,LEFT
15685,13,0.636,0,LEFT
15776,12,0.587,143,LEFT
15860,10,0.489,84,LEFT
15961,15,0.734,53,LEFT
16066,13,0.636,136,LEFT
16181,11,0.538,146,LEFT
16264,12,0.587,251,LEFT
16371,14,0.685,255,LEFT
16483,10,0.489,255,LEFT
16569,11,0.538,217,LEFT
16683,13,0.636,159,LEFT
16763,11,0.538,76,LEFT
16882,12,0.587,87,LEFT
16974,14,0.685,83,LEFT
17058,15,0.734,85,LEFT
17163,16,0.782,70,LEFT
17273,14,0.685,62,LEFT
17361,14,0.685,62,LEFT
17470,13,0.636,61,LEFT
17560,13,0.636,74,LEFT
17681,13,0.636,83,LEFT
17796,11,0.538,255,LEFT
17882,12,0.587,141,LEFT
17986,14,0.685,140,LEFT
18074,12,0.587,95,LEFT
18187,14,0.685,134,LEFT
18273,14,0.685,142,LEFT
18396,12,0.587,248,LEFT
18481,11,0.538,255,LEFT
18586,11,0.538,255,LEFT
18695,12,0.587,255,LEFT
18796,14,0.685,157,LEFT
18893,12,0.587,91,LEFT
18971,13,0.636,86,LEFT
19078,15,0.734,86,LEFT
19193,15,0.734,86,LEFT
19282,13,0.636,55,LEFT
19374,13,0.636,65,LEFT
19490,11,0.538,65,LEFT
19576,12,0.587,65,LEFT
19682,13,0.636,64,LEFT
19786,11,0.538,79,LEFT
19905,13,0.636,0,LEFT
19984,14,0.685,140,LEFT
20093,14,0.685,134,LEFT
20206,14,0.685,133,LEFT
20295,11,0.538,132,LEFT
20405,14,0.685,138,LEFT
20506,11,0.538,219,LEFT
20612,11,0.538,255,LEFT
20716,14,0.685,255,LEFT
20802,14,0.685,255,LEFT
20908,13,0.636,213,LEFT
20997,11,0.538,92,LEFT
21108,14,0.685,87,LEFT
21196,13,0.636,84,LEFT
21310,13,0.636,87,LEFT
21406,15,0.734,88,LEFT
21493,13,0.636,71,LEFT
21613,15,0.734,72,LEFT
21716,14,0.685,70,LEFT
21797,15,0.734,68,LEFT
21904,14,0.685,83,LEFT
22017,12,0.587,255,LEFT
22121,14,0.685,139,LEFT
22207,11,0.538,131,LEFT
22319,12,0.587,129,LEFT
22403,12,0.587,130,LEFT
22519,14,0.685,138,LEFT
22631,13,0.636,209,LEFT
22717,13,0.636,200,LEFT
22829,14,0.685,255,LEFT
22936,14,0.685,255,LEFT
23016,12,0.587,212,LEFT
23116,10,0.489,92,LEFT
23211,15,0.734,87,LEFT
23324,14,0.685,87,LEFT
23411,15,0.734,88,LEFT
23522,10,0.489,91,LEFT
23635,10,0.489,73,LEFT
23721,14,0.685,71,LEFT
23834,13,0.636,76,LEFT
23915,14,0.685,85,LEFT
24031,12,0.587,255,LEFT
24148,12,0.587,0,LEFT
24228,12,0.587,132,LEFT
24337,11,0.538,127,LEFT
24423,12,0.587,126,LEFT
24536,11,0.538,128,LEFT
24623,15,0.734,106,LEFT
24735,12,0.587,226,LEFT
24832,14,0.685,194,LEFT
24930,13,0.636,255,LEFT
25035,12,0.587,211,LEFT
25139,15,0.734,208,LEFT
25232,11,0.538,93,LEFT
25325,12,0.587,89,LEFT
25422,12,0.587,89,LEFT
25534,13,0.636,96,LEFT
25621,13,0.636,80,LEFT
25724,14,0.685,68,LEFT
25845,13,0.636,76,LEFT
25924,12,0.587,74,LEFT
26041,13,0.636,255,LEFT
26152,13,0.636,0,LEFT
26232,11,0.538,132,LEFT
26344,11,0.538,128,LEFT
26434,12,0.587,126,LEFT
26543,10,0.489,127,LEFT
26642,10,0.489,129,LEFT
26751,11,0.538,233,LEFT
26864,12,0.587,194,LEFT
26954,11,0.538,255,LEFT
27039,14,0.685,210,LEFT
27148,12,0.587,207,LEFT
27254,12,0.587,95,LEFT
27336,11,0.538,92,LEFT
27452,11,0.538,90,LEFT
27541,10,0.489,91,LEFT
27654,10,0.489,96,LEFT
27746,13,0.636,81,LEFT
27843,14,0.685,37,LEFT
27957,12,0.587,76,LEFT
28039,11,0.538,79,LEFT
28147,14,0.685,83,LEFT
28267,13,0.636,0,LEFT
28348,12,0.587,128,LEFT
28460,13,0.636,123,LEFT
28554,14,0.685,123,LEFT
28664,14,0.685,125,LEFT
28753,11,0.538,201,LEFT
28863,11,0.538,229,LEFT
28962,12,0.587,188,LEFT
29052,10,0.489,185,LEFT
29167,13,0.636,207,LEFT
29254,14,0.685,206,LEFT
29348,10,0.489,94,LEFT
29465,11,0.538,92,LEFT
29551,10,0.489,90,LEFT
29664,11,0.538,93,LEFT
29772,15,0.734,86,LEFT
29870,14,0.685,82,LEFT
29956,11,0.538,79,LEFT
30068,12,0.587,78,LEFT
30155,12,0.587,15,LEFT
30297,13,0.636,0,LEFT
30353,11,0.538,126,LEFT
30460,14,0.685,122,LEFT
30567,12,0.587,122,LEFT
30675,14,0.685,122,LEFT
30768,12,0.587,183,LEFT
30881,15,0.734,224,LEFT
30972,12,0.587,255,LEFT
31082,10,0.489,203,LEFT
31171,11,0.538,203,LEFT
31262,12,0.587,205,LEFT
31367,14,0.685,99,LEFT
31496,11,0.538,94,LEFT
31579,12,0.587,94,LEFT
31663,11,0.538,94,LEFT
31771,11,0.538,93,LEFT
31871,14,0.685,86,LEFT
31971,0,0.000,85,STOP
32058,1,0.049,81,STOP
32166,0,0.000,10,STOP
32280,0,0.000,82,STOP
32383,1,0.049,82,STOP
32464,0,0.000,83,STOP
32572,0,0.000,83,STOP
32680,0,0.000,82,STOP
32773,0,0.000,81,STOP
32884,1,0.049,81,STOP
32970,0,0.000,82,STOP
33082,0,0.000,82,STOP
33168,0,0.000,52,STOP
33279,0,0.000,81,STOP
33367,0,0.000,83,STOP
33471,0,0.000,82,STOP
